Workbook

Sheet Executive Summary
A1: RetailIQ — Executive Summary
A2: E-Commerce Revenue & Delivery Performance Analytics | Olist Brazilian E-Commerce Dataset
A4: Situation
A5: Olist is a multi-seller e-commerce marketplace connecting ~3,000 small sellers to customers across Brazil. Revenue grew from R$280 in Sept 2016 to a peak of over R$1.17M/month by Nov 2017.
A7: Complication
A8: Delivery delays are strongly associated with customer dissatisfaction. Orders delivered on time average a 4.28/5 review score; orders delivered 7+ days late average just 1.73/5. R$607,588 in revenue is tied to orders in this severe-delay bucket, concentrated disproportionately in 4 states.
A10: Recommendation
A11: Prioritize logistics intervention in AL, MA, PI, and CE (the 4 worst-performing states, all >15% late-delivery rate) rather than a blanket logistics overhaul. Even the conservative scenario (a 5-point improvement) protects ~R$30,700 in revenue — the recommendation holds under a pessimistic assumption, not just the best case.
A13: Key Metrics
B14: Total Revenue | D14: Late Delivery Rate | F14: Avg Review Score | H14: Revenue at Risk (7+ Days Late)
B15: R$ 15.84M | D15: 8.1% | F15: 4.07 / 5 | H15: R$ 607.6K
A18: Sensitivity Summary — Revenue Protected by Scenario
A19: Scenario | B19: Target Approach | C19: Orders Shifted to On-Time | D19: Revenue Protected (R$)
A20: Conservative | B20: Each state improves 5pp | C20: ='Sensitivity Model'!F10 -> 158.8 | D20: ='Sensitivity Model'!G10 -> 30679.55
A21: Moderate | B21: All 4 states reach national avg (8.11%) | C21: ='Sensitivity Model'!F19 -> 307.4264 | D21: ='Sensitivity Model'!G19 -> 59393.6
A22: Optimistic | B22: All 4 states match best state (2.9%) | C22: ='Sensitivity Model'!F28 -> 472.896 | D22: ='Sensitivity Model'!G28 -> 91361.691
A24: Note: this table updates automatically if you change the yellow input cell on the Assumptions sheet.

Sheet Assumptions
A1: RetailIQ — Sensitivity Model: Assumptions & Inputs
A2: All blue cells are hardcoded inputs sourced from real Olist data. Black cells are formulas.
A4: State-Level Delivery Performance (4 worst-performing states)
A5: State | B5: Total Orders | C5: Late Orders | D5: Current Late % | E5: Total Revenue (R$) | F5: Avg Order Value (R$)
A6: AL | B6: 427 | C6: 103 | D6: =C6/B6 -> 0.2412178 | E6: 94172.49 | F6: =E6/B6 -> 220.54447
A7: MA | B7: 800 | C7: 163 | D7: =C7/B7 -> 0.20375 | E7: 147803.55 | F7: =E7/B7 -> 184.75444
A8: PI | B8: 523 | C8: 81 | D8: =C8/B8 -> 0.15487572 | E8: 105178.19 | F8: =E8/B8 -> 201.10553
A9: CE | B9: 1426 | C9: 218 | D9: =C9/B9 -> 0.15287518 | E9: 266436.77 | F9: =E9/B9 -> 186.84205
A10: TOTAL / BLENDED | B10: =SUM(B6:B9) -> 3176 | C10: =SUM(C6:C9) -> 565 | D10: =C10/B10 -> 0.17789673 | E10: =SUM(E6:E9) -> 613591 | F10: =E10/B10 -> 193.19616
A12: Benchmark Late-Delivery Rates
A13: National average late-delivery rate | B13: 0.0811
A14: Best-performing state (Roraima/RO) late rate | B14: 0.029
A16: Custom Scenario Input (change this to test any improvement level)
A17: Percentage-point reduction in late rate (per state) | B17: 5 | C17: ← Change this number; the Sensitivity Model sheet recalculates automatically

Sheet Sensitivity Model
A1: RetailIQ — Sensitivity Analysis: Revenue Protected Under 3 Scenarios
A2: Green cells link to Assumptions sheet. Black cells are calculated formulas — change any blue input on Assumptions to see this recalculate.
A4: Scenario 1: Conservative — each state improves by a FIXED 5 percentage points (benchmark, does not change with the custom input below)
A5: State | B5: Total Orders | C5: Late Orders | D5: Current Late % | E5: Target Late % | F5: Orders Shifted | G5: Revenue Protected (R$)
A6: =Assumptions!A6 -> AL | B6: =Assumptions!B6 -> 427 | C6: =Assumptions!C6 -> 103 | D6: =Assumptions!D6 -> 0.2412178 | E6: =MAX(D6-0.05,0) -> 0.1912178 | F6: =MAX(C6-B6*E6,0) -> 21.35 | G6: =F6*Assumptions!$F$10 -> 4124.738
A7: =Assumptions!A7 -> MA | B7: =Assumptions!B7 -> 800 | C7: =Assumptions!C7 -> 163 | D7: =Assumptions!D7 -> 0.20375 | E7: =MAX(D7-0.05,0) -> 0.15375 | F7: =MAX(C7-B7*E7,0) -> 40 | G7: =F7*Assumptions!$F$10 -> 7727.8463
A8: =Assumptions!A8 -> PI | B8: =Assumptions!B8 -> 523 | C8: =Assumptions!C8 -> 81 | D8: =Assumptions!D8 -> 0.15487572 | E8: =MAX(D8-0.05,0) -> 0.10487572 | F8: =MAX(C8-B8*E8,0) -> 26.15 | G8: =F8*Assumptions!$F$10 -> 5052.0795
A9: =Assumptions!A9 -> CE | B9: =Assumptions!B9 -> 1426 | C9: =Assumptions!C9 -> 218 | D9: =Assumptions!D9 -> 0.15287518 | E9: =MAX(D9-0.05,0) -> 0.10287518 | F9: =MAX(C9-B9*E9,0) -> 71.3 | G9: =F9*Assumptions!$F$10 -> 13774.886
A10: TOTAL | F10: =SUM(F6:F9) -> 158.8 | G10: =SUM(G6:G9) -> 30679.55
A13: Scenario 2: Moderate — all 4 states reach the national average late rate
A14: State | B14: Total Orders | C14: Late Orders | D14: Current Late % | E14: Target Late % | F14: Orders Shifted | G14: Revenue Protected (R$)
A15: =Assumptions!A6 -> AL | B15: =Assumptions!B6 -> 427 | C15: =Assumptions!C6 -> 103 | D15: =Assumptions!D6 -> 0.2412178 | E15: =Assumptions!$B$13 -> 0.0811 | F15: =MAX(C15-B15*E15,0) -> 68.3703 | G15: =F15*Assumptions!$F$10 -> 13208.879
A16: =Assumptions!A7 -> MA | B16: =Assumptions!B7 -> 800 | C16: =Assumptions!C7 -> 163 | D16: =Assumptions!D7 -> 0.20375 | E16: =Assumptions!$B$13 -> 0.0811 | F16: =MAX(C16-B16*E16,0) -> 98.12 | G16: =F16*Assumptions!$F$10 -> 18956.407
A17: =Assumptions!A8 -> PI | B17: =Assumptions!B8 -> 523 | C17: =Assumptions!C8 -> 81 | D17: =Assumptions!D8 -> 0.15487572 | E17: =Assumptions!$B$13 -> 0.0811 | F17: =MAX(C17-B17*E17,0) -> 38.5847 | G17: =F17*Assumptions!$F$10 -> 7454.4158
A18: =Assumptions!A9 -> CE | B18: =Assumptions!B9 -> 1426 | C18: =Assumptions!C9 -> 218 | D18: =Assumptions!D9 -> 0.15287518 | E18: =Assumptions!$B$13 -> 0.0811 | F18: =MAX(C18-B18*E18,0) -> 102.3514 | G18: =F18*Assumptions!$F$10 -> 19773.897
A19: TOTAL | F19: =SUM(F15:F18) -> 307.4264 | G19: =SUM(G15:G18) -> 59393.6
A22: Scenario 3: Optimistic — all 4 states match the best-performing state (Roraima)
A23: State | B23: Total Orders | C23: Late Orders | D23: Current Late % | E23: Target Late % | F23: Orders Shifted | G23: Revenue Protected (R$)
A24: =Assumptions!A6 -> AL | B24: =Assumptions!B6 -> 427 | C24: =Assumptions!C6 -> 103 | D24: =Assumptions!D6 -> 0.2412178 | E24: =Assumptions!$B$14 -> 0.029 | F24: =MAX(C24-B24*E24,0) -> 90.617 | G24: =F24*Assumptions!$F$10 -> 17506.856
A25: =Assumptions!A7 -> MA | B25: =Assumptions!B7 -> 800 | C25: =Assumptions!C7 -> 163 | D25: =Assumptions!D7 -> 0.20375 | E25: =Assumptions!$B$14 -> 0.029 | F25: =MAX(C25-B25*E25,0) -> 139.8 | G25: =F25*Assumptions!$F$10 -> 27008.823
A26: =Assumptions!A8 -> PI | B26: =Assumptions!B8 -> 523 | C26: =Assumptions!C8 -> 81 | D26: =Assumptions!D8 -> 0.15487572 | E26: =Assumptions!$B$14 -> 0.029 | F26: =MAX(C26-B26*E26,0) -> 65.833 | G26: =F26*Assumptions!$F$10 -> 12718.683
A27: =Assumptions!A9 -> CE | B27: =Assumptions!B9 -> 1426 | C27: =Assumptions!C9 -> 218 | D27: =Assumptions!D9 -> 0.15287518 | E27: =Assumptions!$B$14 -> 0.029 | F27: =MAX(C27-B27*E27,0) -> 176.646 | G27: =F27*Assumptions!$F$10 -> 34127.329
A28: TOTAL | F28: =SUM(F24:F27) -> 472.896 | G28: =SUM(G24:G27) -> 91361.691
A31: Custom Scenario — driven by the yellow input cell on the Assumptions sheet
A32: State | B32: Total Orders | C32: Late Orders | D32: Current Late % | E32: Target Late % | F32: Orders Shifted | G32: Revenue Protected (R$)
A33: =Assumptions!A6 -> AL | B33: =Assumptions!B6 -> 427 | C33: =Assumptions!C6 -> 103 | D33: =Assumptions!D6 -> 0.2412178 | E33: =MAX(D33-Assumptions!$B$17/100,0) -> 0.1912178 | F33: =MAX(C33-B33*E33,0) -> 21.35 | G33: =F33*Assumptions!$F$10 -> 4124.738
A34: =Assumptions!A7 -> MA | B34: =Assumptions!B7 -> 800 | C34: =Assumptions!C7 -> 163 | D34: =Assumptions!D7 -> 0.20375 | E34: =MAX(D34-Assumptions!$B$17/100,0) -> 0.15375 | F34: =MAX(C34-B34*E34,0) -> 40 | G34: =F34*Assumptions!$F$10 -> 7727.8463
A35: =Assumptions!A8 -> PI | B35: =Assumptions!B8 -> 523 | C35: =Assumptions!C8 -> 81 | D35: =Assumptions!D8 -> 0.15487572 | E35: =MAX(D35-Assumptions!$B$17/100,0) -> 0.10487572 | F35: =MAX(C35-B35*E35,0) -> 26.15 | G35: =F35*Assumptions!$F$10 -> 5052.0795
A36: =Assumptions!A9 -> CE | B36: =Assumptions!B9 -> 1426 | C36: =Assumptions!C9 -> 218 | D36: =Assumptions!D9 -> 0.15287518 | E36: =MAX(D36-Assumptions!$B$17/100,0) -> 0.10287518 | F36: =MAX(C36-B36*E36,0) -> 71.3 | G36: =F36*Assumptions!$F$10 -> 13774.886
A37: TOTAL | F37: =SUM(F33:F36) -> 158.8 | G37: =SUM(G33:G36) -> 30679.55
